"V1","V2","V3","V4","V5","V6","V7","V8","V9","V10","V11","V12","V13","V14","V15","V16","V17","V18","V19","V20","V21","V22","V23","V24","V25","V26","V27","V28","V29","V30","V31","V32","V33","V34","V35","V36","V37","V38","V39","V40","V41","V42","V43","V44","V45","V46","V47","V48","V49","V50","V51","V52","V53","V54","V55","V56","V57","V58","V59","V60","V61","V62","V63","V64","V65","V66","V67","V68","V69","V70","V71","V72","V73","V74","V75","V76","V77","V78","V79","V80","V81","V82","V83","V84","V85","V86","V87","V88","V89","V90","V91","V92","V93","V94","V95","V96","V97","V98","V99","V100"
"item091","item245","item321","item338","item110","item279","item366","item048","item408","item163","item182","item065","item267","item448","item092","item296","item500","item402","item070","item009","item042","item433","item327","item467","item328","item004","item337","item172","item314","item291","item096","item051","item371","item059","item237","item022","item273","item139","item034","item152","item177","item289","item197","item130","item423","item032","item104","item360","item185","item118","item431","item025","item240","item147","item480","item206","item093","item203","item375","item397","item416","item204","item047","item235","item095","item398","item015","item318","item143","item383","item105","item106","item199","item455","item487","item299","item115","item333","item264","item484","item465","item063","item133","item387","item421","item259","item256","item040","item053","item061","item002","item223","item367","item488","item219","item412","item151","item169","item369","item377"
"item294","item168","item171","item361","item462","item280","item070","item207","item370","item259","item206","item253","item089","item381","item287","item114","item049","item208","item416","item395","item310","item147","item438","item471","item103","item058","item300","item021","item157","item378","item426","item270","item383","item388","item082","item191","item098","item366","item497","item394","item322","item465","item081","item496","item271","item117","item032","item144","item298","item432","item104","item159","item306","item337","item045","item371","item094","item272","item349","item069","item132","item369","item326","item211","item453","item227","item348","item263","item448","item303","item283","item398","item110","item087","item172","item261","item450","item244","item216","item009","item264","item010","item331","item092","item393","item459","item340","item177","item364","item215","item036","item342","item122","item217","item308","item484","item134","item456","item062","item203"
"item433","item219","item017","item318","item048","item368","item119","item176","item029","item287","item032","item425","item167","item158","item099","item136","item188","item345","item498","item063","item266","item139","item304","item051","item058","item180","item007","item264","item471","item168","item152","item226","item041","item202","item393","item361","item118","item332","item218","item290","item213","item365","item067","item171","item353","item049","item423","item432","item003","item053","item330","item238","item378","item130","item128","item383","item447","item298","item047","item283","item043","item263","item451","item427","item346","item476","item286","item014","item143","item340","item199","item098","item146","item022","item373","item422","item462","item223","item285","item424","item253","item112","item235","item288","item117","item186","item385","item294","item138","item267","item349","item448","item087","item097","item249","item028","item426","item384","item367","item184"
"item353","item323","item451","item462","item154","item321","item385","item158","item134","item121","item201","item369","item330","item305","item312","item112","item041","item378","item243","item335","item487","item209","item156","item062","item471","item064","item465","item093","item221","item464","item264","item006","item038","item469","item343","item367","item108","item442","item413","item081","item498","item003","item303","item056","item432","item287","item347","item492","item317","item054","item048","item488","item355","item475","item155","item091","item259","item074","item334","item242","item497","item375","item292","item079","item135","item089","item329","item182","item068","item402","item181","item211","item137","item016","item196","item313","item030","item100","item096","item430","item149","item384","item204","item345","item045","item234","item350","item111","item374","item173","item415","item017","item197","item120","item005","item479","item139","item180","item444","item232"
"item100","item101","item388","item500","item475","item394","item128","item345","item356","item277","item154","item368","item141","item269","item203","item217","item299","item499","item323","item149","item102","item337","item085","item018","item495","item315","item220","item354","item254","item271","item491","item314","item386","item461","item407","item411","item417","item352","item493","item326","item230","item075","item257","item309","item229","item024","item253","item416","item147","item383","item108","item213","item335","item021","item441","item090","item114","item442","item426","item055","item199","item454","item381","item082","item360","item403","item375","item049","item449","item310","item094","item059","item432","item387","item139","item462","item181","item464","item095","item297","item419","item012","item067","item395","item428","item414","item274","item447","item364","item446","item469","item205","item171","item197","item489","item342","item099","item225","item164","item038"
"item148","item205","item256","item438","item245","item177","item451","item370","item279","item449","item347","item129","item078","item217","item124","item083","item307","item457","item155","item376","item456","item337","item103","item460","item300","item483","item352","item033","item455","item366","item297","item141","item072","item132","item440","item415","item371","item007","item193","item275","item035","item152","item439","item127","item160","item464","item367","item223","item054","item031","item219","item444","item421","item229","item441","item241","item049","item064","item195","item067","item323","item331","item498","item138","item133","item115","item317","item022","item196","item278","item385","item281","item096","item458","item043","item157","item020","item089","item150","item111","item108","item009","item187","item214","item066","item277","item191","item206","item112","item036","item117","item286","item076","item169","item475","item293","item068","item442","item375","item207"
"item253","item434","item105","item072","item088","item475","item242","item047","item327","item167","item438","item458","item424","item114","item051","item091","item427","item450","item074","item156","item203","item415","item251","item472","item196","item312","item221","item262","item030","item013","item098","item040","item150","item334","item174","item319","item003","item035","item194","item025","item220","item426","item172","item256","item360","item489","item451","item018","item285","item007","item113","item430","item039","item166","item284","item010","item480","item026","item090","item043","item396","item314","item421","item328","item014","item138","item493","item001","item034","item459","item082","item145","item186","item041","item403","item236","item279","item356","item160","item446","item197","item386","item378","item079","item313","item235","item111","item441","item433","item229","item219","item351","item200","item354","item031","item462","item106","item017","item175","item133"
"item353","item455","item259","item475","item094","item421","item119","item112","item143","item271","item352","item014","item050","item389","item277","item437","item248","item150","item211","item234","item439","item103","item139","item179","item326","item485","item246","item233","item380","item309","item051","item342","item195","item345","item199","item198","item275","item311","item239","item290","item104","item151","item405","item002","item414","item412","item432","item482","item101","item323","item261","item415","item386","item175","item123","item376","item230","item372","item023","item447","item057","item313","item162","item426","item078","item026","item341","item425","item223","item385","item107","item194","item049","item054","item394","item227","item357","item068","item283","item484","item466","item335","item285","item297","item088","item452","item007","item442","item231","item324","item418","item258","item118","item168","item213","item141","item424","item314","item381","item149"
"item184","item381","item172","item324","item248","item126","item018","item406","item437","item194","item124","item415","item119","item177","item019","item451","item476","item271","item013","item191","item236","item458","item404","item234","item208","item316","item483","item465","item022","item344","item372","item259","item096","item321","item370","item304","item056","item319","item014","item426","item366","item268","item180","item246","item189","item134","item212","item217","item283","item359","item397","item308","item428","item110","item088","item221","item210","item207","item241","item275","item007","item442","item120","item003","item462","item149","item228","item351","item028","item469","item218","item135","item136","item263","item129","item076","item219","item111","item353","item347","item499","item382","item493","item473","item392","item474","item215","item325","item072","item183","item243","item082","item345","item402","item410","item059","item074","item239","item032","item486"
"item207","item332","item069","item485","item204","item211","item404","item072","item254","item439","item458","item092","item453","item029","item385","item048","item223","item316","item180","item220","item444","item213","item338","item241","item108","item115","item209","item448","item073","item165","item499","item021","item354","item231","item175","item363","item013","item498","item101","item330","item227","item423","item333","item162","item128","item457","item415","item290","item004","item387","item388","item111","item104","item249","item200","item318","item036","item060","item274","item045","item247","item279","item380","item098","item479","item131","item183","item347","item187","item088","item105","item500","item203","item300","item063","item379","item001","item393","item411","item130","item282","item124","item408","item156","item012","item472","item471","item364","item225","item397","item346","item017","item192","item188","item289","item480","item071","item024","item067","item394"
"item393","item272","item017","item495","item089","item408","item142","item380","item079","item031","item102","item421","item065","item496","item302","item343","item430","item373","item367","item109","item141","item319","item241","item169","item479","item229","item368","item420","item401","item234","item334","item058","item366","item344","item155","item162","item181","item159","item467","item199","item269","item406","item439","item475","item071","item471","item388","item298","item445","item144","item158","item163","item004","item434","item253","item413","item023","item395","item328","item126","item134","item038","item295","item482","item297","item041","item172","item498","item231","item106","item285","item402","item236","item260","item332","item428","item047","item417","item030","item153","item116","item002","item320","item045","item020","item042","item233","item336","item247","item180","item222","item021","item040","item372","item064","item022","item078","item403","item178","item457"
"item203","item470","item036","item364","item402","item079","item406","item336","item151","item275","item147","item085","item001","item330","item034","item301","item288","item168","item353","item180","item044","item427","item096","item134","item118","item479","item314","item323","item447","item161","item465","item450","item159","item181","item040","item354","item331","item392","item251","item237","item500","item015","item184","item378","item337","item078","item084","item254","item030","item349","item366","item281","item416","item284","item283","item279","item182","item082","item252","item286","item027","item393","item051","item280","item318","item429","item109","item309","item467","item236","item007","item444","item187","item133","item334","item295","item496","item154","item374","item471","item262","item100","item348","item117","item104","item457","item376","item302","item274","item310","item060","item290","item469","item229","item426","item304","item425","item137","item071","item129"
"item196","item475","item464","item372","item404","item385","item114","item320","item105","item215","item090","item384","item330","item091","item357","item083","item144","item405","item186","item038","item087","item459","item286","item500","item280","item113","item455","item204","item010","item102","item468","item447","item026","item223","item483","item436","item458","item111","item116","item139","item197","item498","item001","item473","item292","item022","item273","item439","item243","item039","item011","item259","item163","item101","item275","item012","item151","item240","item387","item265","item489","item251","item006","item301","item493","item270","item062","item291","item095","item143","item249","item308","item231","item200","item112","item256","item106","item237","item094","item441","item376","item443","item137","item402","item421","item309","item432","item246","item099","item250","item356","item213","item274","item495","item194","item267","item208","item466","item284","item481"
"item029","item068","item465","item392","item452","item031","item241","item259","item496","item276","item279","item219","item083","item245","item483","item269","item187","item018","item019","item282","item163","item283","item334","item492","item070","item324","item260","item293","item429","item366","item014","item349","item287","item308","item456","item357","item081","item050","item179","item200","item299","item080","item356","item449","item488","item053","item498","item254","item439","item137","item122","item151","item196","item016","item337","item411","item112","item447","item059","item383","item132","item436","item485","item296","item435","item008","item427","item467","item413","item319","item155","item091","item462","item373","item012","item265","item185","item257","item281","item192","item409","item408","item363","item156","item003","item305","item361","item033","item247","item417","item207","item464","item425","item106","item489","item297","item117","item321","item434","item377"
"item161","item064","item153","item080","item480","item495","item365","item413","item277","item002","item499","item106","item114","item157","item132","item254","item491","item346","item361","item139","item085","item378","item294","item423","item218","item456","item405","item128","item232","item049","item253","item398","item289","item126","item266","item432","item364","item380","item489","item444","item285","item096","item451","item383","item287","item255","item074","item001","item321","item344","item396","item250","item004","item025","item485","item404","item457","item021","item056","item447","item472","item118","item083","item059","item450","item483","item100","item372","item448","item058","item463","item082","item431","item162","item239","item035","item406","item251","item390","item099","item190","item177","item310","item007","item343","item355","item005","item393","item063","item337","item417","item051","item054","item172","item347","item047","item052","item242","item089","item010"
"item048","item318","item238","item302","item105","item254","item120","item128","item263","item021","item100","item412","item271","item458","item315","item258","item269","item003","item020","item359","item230","item448","item141","item217","item388","item346","item398","item038","item247","item162","item193","item276","item245","item111","item211","item335","item149","item158","item235","item150","item312","item395","item367","item394","item329","item474","item179","item209","item053","item127","item463","item079","item431","item222","item169","item296","item405","item466","item198","item106","item487","item310","item172","item031","item328","item333","item167","item306","item160","item481","item052","item082","item334","item284","item124","item460","item475","item062","item427","item058","item068","item243","item478","item332","item461","item005","item283","item380","item382","item092","item482","item368","item499","item421","item203","item447","item272","item244","item069","item316"
"item098","item409","item143","item092","item027","item179","item276","item091","item090","item042","item362","item089","item181","item480","item485","item329","item172","item034","item038","item176","item413","item183","item085","item430","item411","item207","item258","item455","item426","item030","item236","item204","item489","item064","item001","item260","item076","item293","item439","item345","item219","item420","item494","item404","item412","item031","item167","item104","item103","item198","item081","item475","item195","item414","item432","item067","item422","item188","item075","item304","item462","item237","item498","item150","item057","item396","item069","item112","item211","item082","item346","item309","item311","item019","item492","item068","item286","item002","item335","item231","item164","item473","item327","item215","item450","item202","item118","item059","item431","item017","item447","item256","item359","item267","item191","item298","item100","item110","item005","item453"
"item149","item480","item199","item358","item367","item081","item103","item129","item208","item349","item479","item039","item324","item335","item220","item388","item155","item226","item495","item383","item472","item097","item255","item102","item499","item302","item422","item382","item066","item158","item463","item167","item405","item045","item050","item053","item259","item490","item366","item130","item444","item379","item115","item280","item157","item036","item126","item098","item235","item089","item231","item319","item095","item195","item381","item156","item185","item346","item002","item113","item408","item225","item465","item376","item368","item488","item457","item210","item474","item120","item114","item343","item061","item140","item190","item437","item017","item443","item169","item348","item014","item272","item410","item035","item344","item364","item121","item073","item162","item123","item331","item337","item386","item357","item104","item303","item339","item037","item282","item240"
"item100","item185","item351","item273","item031","item034","item430","item494","item444","item241","item283","item106","item060","item462","item318","item422","item016","item443","item092","item434","item233","item066","item299","item186","item291","item322","item211","item488","item394","item329","item466","item306","item473","item352","item493","item004","item052","item468","item325","item222","item451","item202","item042","item375","item113","item199","item441","item081","item421","item366","item128","item408","item470","item001","item193","item315","item296","item239","item204","item162","item461","item030","item011","item477","item236","item487","item439","item425","item432","item206","item216","item194","item448","item256","item288","item024","item078","item475","item429","item070","item020","item215","item183","item075","item082","item490","item108","item093","item369","item007","item112","item166","item275","item485","item173","item156","item274","item144","item061","item224"
"item484","item185","item124","item311","item239","item277","item324","item327","item409","item234","item302","item045","item290","item453","item429","item377","item091","item354","item227","item397","item405","item433","item230","item483","item177","item089","item444","item309","item142","item187","item209","item212","item064","item243","item055","item461","item077","item010","item008","item068","item385","item217","item144","item039","item438","item466","item485","item172","item376","item361","item396","item090","item273","item122","item441","item292","item046","item218","item173","item369","item038","item237","item228","item078","item360","item487","item076","item469","item439","item282","item255","item190","item007","item346","item118","item448","item194","item426","item261","item166","item260","item131","item192","item318","item014","item100","item400","item427","item420","item030","item388","item134","item497","item374","item380","item127","item111","item490","item154","item175"
"item421","item169","item333","item084","item170","item081","item141","item241","item015","item403","item339","item211","item178","item257","item087","item175","item232","item195","item009","item367","item224","item462","item272","item366","item068","item408","item108","item452","item206","item478","item359","item016","item303","item026","item247","item164","item447","item122","item434","item485","item436","item045","item174","item054","item134","item032","item011","item095","item354","item460","item132","item330","item158","item425","item310","item208","item112","item468","item234","item463","item388","item053","item013","item454","item264","item029","item255","item499","item216","item404","item297","item130","item390","item464","item115","item260","item131","item252","item379","item014","item203","item091","item036","item287","item172","item352","item335","item110","item102","item341","item107","item381","item133","item469","item198","item085","item124","item050","item355","item136"
"item382","item085","item038","item348","item308","item105","item381","item449","item100","item097","item290","item026","item415","item321","item235","item006","item343","item236","item053","item227","item459","item045","item307","item414","item452","item241","item402","item051","item430","item311","item392","item429","item233","item317","item291","item447","item316","item442","item480","item279","item306","item029","item372","item094","item433","item362","item224","item385","item425","item174","item474","item160","item079","item271","item403","item303","item350","item346","item138","item120","item012","item117","item359","item265","item323","item157","item058","item056","item151","item444","item495","item112","item042","item298","item476","item432","item082","item076","item203","item260","item262","item043","item001","item231","item133","item441","item148","item014","item192","item464","item219","item479","item035","item146","item134","item230","item395","item222","item401","item424"
"item385","item242","item330","item171","item214","item309","item353","item100","item459","item199","item201","item228","item351","item267","item089","item328","item074","item159","item474","item344","item135","item457","item427","item114","item444","item307","item231","item286","item194","item373","item395","item160","item282","item200","item370","item451","item495","item004","item153","item173","item127","item139","item075","item433","item331","item084","item250","item391","item327","item067","item476","item146","item494","item129","item095","item099","item398","item169","item140","item096","item272","item384","item185","item247","item387","item161","item277","item424","item381","item449","item485","item093","item125","item212","item475","item157","item388","item252","item336","item245","item207","item418","item365","item261","item402","item288","item416","item432","item006","item052","item182","item382","item482","item032","item299","item483","item258","item488","item196","item408"
"item184","item337","item032","item073","item019","item060","item062","item124","item320","item277","item146","item444","item153","item420","item121","item293","item389","item003","item009","item313","item284","item471","item075","item023","item188","item029","item322","item143","item082","item482","item177","item190","item498","item283","item415","item017","item451","item339","item050","item455","item030","item347","item134","item291","item300","item213","item375","item406","item472","item477","item282","item217","item457","item053","item013","item287","item179","item191","item402","item122","item453","item439","item221","item321","item163","item302","item344","item460","item086","item067","item175","item076","item297","item437","item160","item041","item489","item198","item418","item007","item149","item397","item166","item234","item089","item499","item304","item485","item236","item249","item317","item176","item476","item414","item452","item012","item301","item492","item070","item336"
"item041","item168","item281","item369","item358","item457","item283","item186","item270","item149","item338","item500","item482","item268","item398","item131","item461","item425","item089","item334","item330","item448","item248","item362","item306","item264","item032","item015","item415","item190","item101","item273","item109","item388","item322","item130","item240","item183","item370","item207","item323","item324","item413","item275","item139","item187","item016","item247","item459","item243","item152","item381","item054","item403","item024","item499","item417","item282","item117","item365","item458","item209","item481","item077","item399","item385","item020","item087","item160","item496","item433","item218","item184","item179","item331","item055","item013","item456","item017","item073","item376","item005","item272","item003","item438","item031","item178","item034","item195","item084","item115","item198","item485","item292","item367","item465","item497","item194","item104","item068"
"item431","item181","item073","item131","item383","item330","item481","item423","item327","item015","item293","item453","item055","item386","item439","item148","item030","item350","item262","item006","item406","item251","item075","item312","item068","item054","item268","item183","item065","item401","item025","item371","item483","item314","item050","item154","item039","item363","item307","item105","item271","item359","item304","item033","item067","item376","item235","item027","item101","item496","item049","item295","item254","item480","item398","item112","item010","item206","item114","item374","item238","item234","item454","item310","item113","item208","item134","item461","item424","item468","item008","item165","item475","item373","item418","item144","item277","item400","item430","item100","item062","item435","item143","item098","item479","item438","item177","item029","item316","item317","item288","item299","item076","item217","item107","item446","item336","item224","item036","item440"
"item062","item151","item199","item396","item386","item157","item195","item365","item155","item106","item001","item376","item215","item014","item112","item135","item049","item282","item050","item406","item244","item333","item224","item206","item172","item237","item127","item295","item016","item086","item235","item299","item476","item460","item455","item394","item030","item260","item474","item117","item355","item167","item173","item265","item080","item404","item495","item208","item059","item428","item454","item340","item419","item300","item028","item096","item488","item154","item011","item223","item456","item296","item209","item008","item391","item222","item499","item421","item240","item485","item373","item098","item097","item078","item143","item452","item280","item006","item414","item114","item231","item433","item196","item475","item500","item089","item278","item182","item339","item134","item042","item498","item331","item393","item361","item354","item350","item094","item363","item273"
"item196","item344","item092","item170","item241","item484","item395","item322","item413","item176","item119","item053","item064","item175","item380","item224","item062","item265","item203","item400","item281","item490","item444","item147","item066","item342","item470","item271","item099","item125","item455","item338","item078","item459","item286","item467","item073","item454","item212","item499","item405","item308","item034","item087","item477","item016","item480","item129","item498","item369","item433","item469","item018","item139","item032","item174","item483","item302","item350","item084","item365","item117","item116","item109","item114","item425","item489","item077","item290","item276","item443","item169","item199","item414","item335","item500","item086","item475","item285","item268","item239","item082","item476","item482","item006","item393","item122","item448","item214","item134","item304","item102","item306","item466","item192","item351","item363","item441","item372","item373"
"item383","item378","item014","item229","item299","item107","item440","item128","item454","item356","item220","item382","item192","item015","item058","item112","item187","item056","item259","item262","item280","item046","item303","item267","item133","item496","item395","item315","item273","item111","item122","item247","item201","item458","item163","item474","item035","item195","item354","item384","item162","item139","item233","item234","item178","item487","item413","item314","item488","item059","item118","item048","item435","item135","item189","item291","item170","item311","item143","item086","item126","item028","item235","item252","item338","item478","item340","item137","item327","item033","item264","item301","item164","item330","item307","item302","item181","item211","item376","item343","item253","item479","item486","item483","item491","item288","item421","item296","item053","item401","item190","item103","item418","item034","item472","item416","item029","item456","item250","item208"
"item342","item397","item032","item212","item401","item309","item131","item340","item033","item459","item132","item452","item240","item272","item439","item201","item180","item051","item437","item494","item099","item161","item069","item382","item365","item075","item074","item455","item046","item011","item433","item375","item034","item014","item170","item466","item271","item165","item244","item110","item058","item447","item200","item136","item203","item139","item473","item235","item117","item483","item198","item142","item146","item469","item255","item115","item120","item150","item367","item484","item417","item054","item236","item237","item313","item168","item105","item043","item422","item262","item471","item251","item226","item006","item241","item254","item268","item009","item289","item438","item376","item299","item189","item270","item134","item228","item008","item468","item293","item362","item380","item470","item396","item187","item185","item053","item060","item124","item044","item385"
"item167","item417","item460","item356","item427","item075","item177","item015","item394","item336","item429","item135","item388","item021","item158","item070","item203","item408","item497","item190","item484","item338","item008","item081","item482","item446","item334","item219","item327","item258","item162","item168","item444","item435","item488","item089","item152","item464","item420","item100","item235","item486","item283","item261","item048","item236","item240","item117","item412","item382","item180","item422","item052","item289","item447","item093","item064","item494","item120","item274","item194","item404","item454","item306","item431","item169","item107","item440","item205","item459","item171","item067","item378","item317","item343","item106","item022","item132","item156","item456","item211","item028","item337","item049","item254","item069","item123","item059","item299","item443","item068","item452","item247","item215","item300","item266","item397","item197","item097","item323"
"item316","item253","item293","item489","item283","item365","item342","item160","item347","item077","item167","item455","item069","item437","item427","item136","item133","item190","item488","item227","item059","item050","item345","item486","item440","item402","item292","item115","item124","item236","item424","item089","item170","item370","item201","item144","item226","item421","item153","item002","item461","item150","item004","item357","item255","item333","item494","item337","item071","item272","item376","item020","item483","item498","item101","item495","item472","item306","item145","item415","item460","item082","item334","item311","item469","item275","item018","item023","item038","item132","item152","item026","item156","item019","item142","item307","item117","item200","item286","item414","item314","item400","item394","item189","item095","item141","item492","item385","item027","item058","item078","item317","item467","item039","item213","item159","item154","item155","item169","item090"
"item054","item402","item352","item455","item326","item126","item116","item418","item148","item091","item264","item298","item147","item225","item097","item002","item230","item395","item195","item237","item183","item139","item070","item262","item399","item208","item032","item362","item174","item149","item034","item041","item182","item063","item241","item058","item234","item458","item015","item259","item313","item443","item338","item347","item279","item072","item082","item094","item320","item394","item368","item130","item253","item266","item187","item132","item319","item220","item366","item357","item069","item211","item065","item332","item256","item125","item119","item293","item156","item170","item500","item337","item278","item428","item107","item044","item376","item011","item333","item095","item207","item275","item489","item493","item356","item465","item197","item474","item178","item466","item181","item028","item414","item331","item464","item286","item229","item109","item051","item355"
"item029","item253","item490","item280","item492","item245","item031","item066","item093","item195","item447","item498","item371","item453","item194","item472","item326","item038","item156","item320","item335","item048","item187","item214","item217","item327","item404","item001","item228","item050","item406","item081","item302","item259","item080","item172","item344","item364","item002","item199","item368","item252","item197","item384","item271","item128","item223","item164","item468","item155","item078","item076","item138","item398","item178","item303","item334","item123","item024","item473","item471","item381","item430","item176","item307","item212","item012","item112","item143","item285","item336","item414","item055","item231","item201","item032","item348","item315","item477","item456","item261","item039","item279","item445","item361","item308","item016","item323","item354","item106","item179","item005","item190","item329","item439","item019","item003","item116","item306","item363"
"item370","item192","item298","item172","item078","item255","item482","item200","item132","item389","item376","item014","item197","item104","item268","item301","item324","item316","item299","item108","item441","item406","item328","item057","item414","item185","item166","item083","item267","item002","item076","item401","item438","item462","item290","item230","item465","item138","item358","item113","item250","item354","item344","item103","item123","item129","item152","item205","item007","item016","item079","item242","item261","item412","item179","item425","item379","item175","item306","item473","item300","item361","item006","item480","item223","item160","item340","item012","item481","item479","item451","item493","item318","item335","item020","item293","item039","item161","item492","item295","item017","item150","item334","item061","item474","item485","item121","item292","item345","item088","item238","item287","item276","item107","item275","item350","item164","item330","item171","item153"
"item319","item468","item310","item081","item152","item285","item089","item060","item070","item274","item200","item204","item049","item479","item389","item035","item294","item233","item117","item108","item299","item446","item290","item327","item420","item189","item477","item374","item275","item180","item499","item243","item322","item386","item216","item123","item354","item405","item303","item338","item167","item267","item103","item464","item127","item348","item160","item459","item151","item458","item018","item190","item050","item417","item043","item084","item388","item136","item203","item343","item210","item383","item218","item447","item491","item097","item094","item231","item020","item091","item086","item170","item088","item318","item143","item107","item317","item024","item047","item331","item119","item030","item460","item187","item440","item376","item179","item457","item145","item353","item208","item475","item351","item314","item162","item473","item272","item257","item244","item419"
"item372","item458","item265","item318","item164","item381","item199","item109","item106","item041","item217","item354","item461","item465","item444","item351","item104","item054","item275","item376","item117","item478","item189","item170","item122","item297","item324","item125","item177","item467","item440","item143","item168","item182","item299","item111","item387","item031","item307","item270","item460","item344","item162","item254","item441","item276","item246","item213","item350","item291","item040","item370","item140","item071","item029","item343","item042","item083","item359","item076","item097","item488","item250","item032","item434","item058","item200","item256","item150","item464","item298","item495","item095","item452","item363","item320","item007","item345","item311","item317","item132","item403","item203","item366","item026","item228","item063","item044","item423","item206","item037","item178","item411","item003","item457","item430","item289","item255","item315","item061"
"item129","item297","item238","item280","item448","item250","item459","item183","item403","item355","item257","item365","item342","item105","item162","item068","item491","item186","item102","item223","item069","item425","item363","item391","item400","item450","item038","item022","item371","item079","item380","item410","item309","item402","item364","item233","item278","item082","item366","item241","item098","item254","item012","item494","item306","item466","item495","item247","item227","item473","item378","item150","item158","item343","item099","item321","item303","item305","item421","item353","item037","item422","item139","item107","item461","item472","item195","item093","item212","item170","item078","item435","item398","item152","item269","item444","item015","item285","item203","item047","item182","item486","item023","item124","item382","item409","item433","item001","item349","item025","item007","item057","item323","item484","item042","item167","item360","item481","item424","item144"
"item011","item230","item312","item498","item204","item260","item403","item001","item061","item453","item473","item063","item494","item107","item160","item428","item109","item264","item466","item094","item116","item336","item114","item461","item371","item213","item261","item367","item405","item047","item491","item319","item209","item162","item187","item030","item287","item372","item274","item136","item462","item430","item493","item352","item127","item184","item259","item017","item023","item122","item056","item488","item492","item479","item320","item411","item229","item036","item293","item415","item408","item231","item377","item347","item088","item157","item258","item144","item216","item182","item330","item062","item376","item057","item201","item294","item171","item064","item218","item313","item323","item220","item236","item020","item083","item032","item225","item086","item203","item045","item190","item386","item101","item076","item425","item419","item296","item397","item300","item266"
"item121","item468","item193","item196","item074","item259","item383","item051","item076","item047","item333","item022","item108","item269","item080","item176","item375","item058","item387","item299","item415","item148","item050","item466","item463","item340","item045","item241","item344","item469","item069","item316","item170","item048","item487","item130","item155","item256","item194","item192","item486","item129","item396","item110","item439","item434","item107","item484","item450","item015","item423","item113","item007","item164","item416","item126","item359","item362","item438","item457","item086","item177","item390","item321","item016","item336","item218","item224","item179","item033","item341","item408","item085","item151","item428","item068","item424","item317","item392","item279","item215","item009","item183","item141","item460","item070","item143","item268","item248","item379","item024","item393","item064","item100","item267","item271","item320","item209","item465","item264"
"item076","item201","item180","item098","item445","item134","item072","item096","item164","item452","item090","item120","item247","item316","item241","item346","item213","item140","item270","item203","item493","item091","item308","item322","item332","item177","item155","item320","item060","item492","item482","item079","item156","item027","item206","item388","item361","item007","item200","item345","item175","item016","item464","item172","item483","item103","item129","item224","item429","item297","item399","item123","item159","item136","item002","item230","item423","item278","item383","item325","item094","item359","item217","item260","item426","item088","item436","item401","item370","item033","item311","item139","item018","item471","item146","item111","item473","item058","item302","item218","item069","item279","item480","item122","item009","item245","item405","item063","item395","item314","item138","item144","item417","item273","item041","item246","item439","item174","item037","item410"
"item062","item143","item323","item275","item332","item422","item216","item222","item053","item375","item127","item480","item135","item007","item037","item123","item434","item107","item148","item407","item321","item197","item235","item423","item246","item147","item184","item087","item481","item394","item268","item058","item171","item306","item108","item373","item199","item189","item307","item444","item348","item455","item327","item490","item031","item367","item138","item231","item282","item018","item227","item178","item096","item132","item300","item050","item201","item054","item369","item158","item167","item267","item443","item011","item489","item023","item230","item238","item365","item274","item386","item366","item263","item115","item413","item446","item350","item097","item099","item163","item017","item410","item128","item232","item371","item055","item254","item264","item074","item338","item206","item318","item183","item346","item089","item304","item322","item382","item495","item180"
"item032","item360","item483","item217","item028","item211","item260","item331","item238","item491","item303","item403","item474","item181","item469","item061","item166","item153","item334","item270","item395","item205","item227","item043","item157","item337","item324","item259","item402","item124","item008","item267","item387","item174","item420","item001","item035","item098","item102","item033","item412","item480","item414","item234","item297","item219","item053","item356","item329","item246","item315","item002","item250","item493","item456","item208","item386","item338","item481","item352","item488","item304","item071","item357","item477","item490","item398","item281","item207","item242","item499","item388","item335","item146","item288","item332","item322","item170","item070","item108","item487","item094","item231","item347","item475","item277","item220","item248","item294","item355","item069","item341","item473","item133","item235","item410","item442","item031","item041","item081"
"item300","item420","item162","item006","item213","item376","item423","item382","item141","item154","item249","item408","item320","item243","item430","item207","item036","item323","item069","item139","item392","item399","item310","item448","item216","item368","item346","item212","item055","item106","item079","item471","item015","item360","item302","item454","item353","item440","item458","item040","item309","item023","item127","item343","item449","item125","item357","item059","item326","item195","item100","item252","item033","item451","item336","item117","item316","item012","item085","item472","item044","item485","item265","item442","item293","item104","item063","item429","item234","item475","item133","item294","item011","item105","item381","item453","item480","item482","item080","item457","item351","item019","item363","item218","item331","item026","item245","item422","item050","item169","item486","item438","item121","item276","item067","item462","item041","item149","item199","item257"
"item142","item084","item323","item370","item358","item100","item281","item205","item454","item052","item101","item267","item042","item335","item200","item051","item172","item293","item048","item189","item407","item214","item468","item415","item292","item231","item421","item294","item500","item203","item396","item498","item435","item447","item306","item158","item357","item104","item164","item053","item310","item059","item215","item484","item316","item362","item307","item061","item238","item140","item208","item029","item328","item035","item406","item476","item460","item495","item291","item261","item086","item452","item255","item195","item181","item180","item226","item475","item492","item469","item220","item401","item209","item479","item466","item068","item186","item023","item442","item450","item332","item259","item428","item298","item334","item437","item412","item327","item138","item364","item169","item351","item337","item284","item250","item422","item005","item304","item283","item266"
"item053","item252","item260","item373","item120","item003","item024","item114","item015","item064","item217","item099","item131","item381","item196","item325","item133","item477","item495","item105","item277","item098","item055","item448","item205","item387","item222","item202","item164","item237","item422","item278","item101","item208","item160","item073","item085","item059","item431","item116","item483","item228","item170","item028","item151","item231","item301","item280","item285","item161","item096","item023","item169","item246","item069","item065","item394","item293","item048","item453","item403","item230","item489","item219","item007","item031","item078","item063","item468","item399","item263","item117","item154","item211","item386","item424","item013","item398","item057","item180","item134","item466","item075","item428","item369","item067","item214","item486","item026","item006","item409","item361","item436","item079","item366","item413","item072","item111","item268","item203"
"item146","item110","item295","item094","item253","item033","item059","item301","item123","item494","item194","item441","item108","item183","item188","item430","item333","item187","item475","item357","item304","item032","item009","item042","item464","item397","item100","item427","item011","item451","item070","item035","item449","item262","item025","item018","item179","item209","item081","item447","item167","item239","item500","item413","item003","item356","item044","item352","item101","item222","item276","item169","item132","item395","item359","item327","item236","item163","item476","item351","item234","item158","item185","item058","item409","item224","item288","item164","item154","item391","item021","item388","item426","item360","item089","item157","item220","item213","item056","item196","item192","item320","item206","item330","item459","item287","item148","item235","item219","item428","item313","item407","item344","item028","item446","item225","item038","item053","item460","item223"
"item207","item154","item122","item379","item482","item128","item261","item350","item250","item259","item097","item126","item295","item414","item285","item074","item452","item012","item085","item172","item498","item441","item152","item031","item294","item243","item262","item148","item115","item352","item153","item367","item219","item387","item288","item472","item439","item453","item238","item454","item221","item187","item041","item076","item450","item376","item466","item193","item438","item235","item213","item320","item375","item402","item198","item280","item383","item027","item192","item492","item318","item132","item137","item342","item171","item189","item131","item491","item283","item089","item388","item493","item114","item462","item393","item411","item220","item327","item059","item029","item330","item364","item116","item499","item058","item290","item380","item140","item032","item395","item196","item039","item159","item463","item173","item034","item112","item053","item309","item227"
"item207","item069","item492","item372","item490","item394","item059","item192","item008","item407","item119","item171","item070","item367","item426","item043","item339","item096","item400","item486","item250","item297","item415","item379","item417","item137","item222","item315","item092","item263","item473","item148","item100","item156","item330","item133","item251","item064","item264","item211","item450","item013","item463","item036","item341","item361","item025","item350","item321","item260","item234","item173","item168","item274","item477","item399","item053","item149","item245","item176","item138","item493","item290","item074","item271","item243","item126","item143","item381","item123","item076","item349","item198","item088","item418","item104","item267","item203","item155","item060","item223","item188","item363","item328","item406","item162","item484","item457","item269","item230","item454","item130","item099","item185","item312","item091","item075","item063","item151","item405"
"item237","item322","item220","item032","item055","item049","item212","item337","item297","item052","item216","item114","item187","item181","item472","item199","item145","item321","item495","item442","item233","item480","item446","item192","item316","item022","item457","item095","item414","item493","item060","item341","item254","item117","item380","item413","item241","item177","item042","item191","item143","item467","item285","item280","item283","item268","item385","item491","item044","item002","item340","item133","item256","item063","item037","item450","item172","item156","item045","item306","item447","item437","item403","item389","item031","item080","item004","item227","item057","item197","item434","item186","item078","item359","item242","item092","item245","item128","item206","item453","item099","item075","item054","item482","item041","item377","item116","item395","item264","item470","item357","item277","item189","item077","item371","item353","item105","item024","item317","item130"
